name,type,lat,lng,address,service_minutes
Whitefield — Aarti K.,stop,12.9698,77.7500,"ITPL Main Rd, Whitefield, Bengaluru",6
Studio (storage house),depot,12.9784,77.6408,"12th Main, Indiranagar, Bengaluru",0
Jayanagar — Meera S.,stop,12.9250,77.5938,"11th Main, 4th Block, Jayanagar",5
Hebbal — Farhan A.,stop,13.0358,77.5970,"Kempapura, Hebbal, Bengaluru",5
Koramangala — Divya R.,stop,12.9352,77.6245,"80 Feet Rd, 4th Block, Koramangala",8
Yeshwanthpur — Sana M.,stop,13.0287,77.5400,"Tumkur Rd, Yeshwanthpur",5
Electronic City — Rohit V.,stop,12.8452,77.6602,"Phase 1, Electronic City",10
Malleshwaram — Latha P.,stop,13.0035,77.5647,"8th Cross, Malleshwaram",6
Bellandur — Nikhil J.,stop,12.9304,77.6784,"Outer Ring Rd, Bellandur",5
Basavanagudi — Usha N.,stop,12.9422,77.5736,"Bull Temple Rd, Basavanagudi",5
Marathahalli — Tanvi B.,stop,12.9591,77.6974,"Varthur Rd, Marathahalli",6
JP Nagar — Kiran D.,stop,12.9077,77.5851,"24th Main, JP Nagar 6th Phase",5
Rajajinagar — Imran S.,stop,12.9916,77.5522,"Dr Rajkumar Rd, Rajajinagar",5
HSR Layout — Priya T.,stop,12.9116,77.6389,"27th Main, Sector 2, HSR Layout",7
Banashankari — Gopal R.,stop,12.9250,77.5468,"Kathriguppe Main Rd, Banashankari",5
RT Nagar — Zoya H.,stop,13.0206,77.5946,"Dinnur Main Rd, RT Nagar",5
