customer,role,latitude,longitude,address,duration
Rohini — Sheetal A.,stop,28.7495,77.0565,"Sector 7, Rohini, Delhi",6
Okhla — Rehan Q.,stop,28.5355,77.2730,"Phase 2, Okhla Industrial Area",8
Gurgaon — Ananya P.,stop,28.4672,77.0700,"Sector 29, Gurugram",10
Karol Bagh — Vikram T.,stop,28.6519,77.1909,"Ajmal Khan Rd, Karol Bagh",5
Noida 62 — Harsh M.,stop,28.6270,77.3648,"Sector 62, Noida",7
Vasant Kunj — Ira B.,stop,28.5200,77.1591,"Sector C, Vasant Kunj",5
The Studio,warehouse,28.5677,77.2433,"Ring Rd, Lajpat Nagar, Delhi",0
Paschim Vihar — Neel G.,stop,28.6663,77.1031,"Outer Ring Rd, Paschim Vihar",5
Mayur Vihar — Shalini D.,stop,28.6094,77.2950,"Phase 1, Mayur Vihar",6
Dwarka — Kabir S.,stop,28.5823,77.0500,"Sector 10, Dwarka",7
Shahdara — Pooja L.,stop,28.6730,77.2890,"GT Rd, Shahdara",5
Saket — Arjun R.,stop,28.5245,77.2066,"Press Enclave Rd, Saket",6
Faridabad — Meenal C.,stop,28.4089,77.3178,"Sector 15, Faridabad",12
Model Town — Tarun V.,stop,28.7186,77.1926,"Model Town Phase 2, Delhi",5
Connaught Place — Riya N.,stop,28.6315,77.2167,"Inner Circle, Connaught Place",4
Noida 18 — Aman K.,stop,28.5707,77.3219,"Sector 18, Noida",6
Hauz Khas — Devika I.,stop,28.5494,77.2001,"Aurobindo Marg, Hauz Khas",5
Pitampura — Sameer W.,stop,28.6942,77.1316,"Netaji Subhash Place, Pitampura",5
Greater Kailash — Nisha J.,stop,28.5494,77.2427,"M Block Market, GK 1",6
Janakpuri — Yash H.,stop,28.6219,77.0878,"District Centre, Janakpuri",5
Indirapuram — Simran F.,stop,28.6420,77.3710,"Ahinsa Khand, Indirapuram",7
Nehru Place — Om P.,stop,28.5494,77.2519,"Nehru Place Market, Delhi",4
Laxmi Nagar — Ritu E.,stop,28.6304,77.2777,"Vikas Marg, Laxmi Nagar",5
